[
  {
    "model": "recipes.recipe",
    "pk": 1,
    "fields": {
      "recipe_name": "Kürbissuppe",
      "source": "",
      "preparation_time": "30 min",
      "cooking_time": "30 min",
      "notes": "Schmeckt nicht.",
      "experimental": false,
      "sweet": false
    }
  },
  {
    "model": "recipes.recipe",
    "pk": 2,
    "fields": {
      "recipe_name": "Rote-Linsen-Kokos-Suppe",
      "source": "",
      "preparation_time": "10 min",
      "cooking_time": "",
      "notes": "",
      "experimental": false,
      "sweet": false
    }
  },
  {
    "model": "recipes.location",
    "pk": 1,
    "fields": {
      "location_name": "Regal hinter Küchentür",
      "image": ""
    }
  },
  {
    "model": "recipes.location",
    "pk": 2,
    "fields": {
      "location_name": "Gewürzregal",
      "image": ""
    }
  },
  {
    "model": "recipes.location",
    "pk": 4,
    "fields": {
      "location_name": "Speisekammerboden",
      "image": ""
    }
  },
  {
    "model": "recipes.location",
    "pk": 5,
    "fields": {
      "location_name": "Regal in Speisekammer",
      "image": ""
    }
  },
  {
    "model": "recipes.location",
    "pk": 6,
    "fields": {
      "location_name": "Tiefkühlschrank - Kathis Gruscht",
      "image": ""
    }
  },
  {
    "model": "recipes.location",
    "pk": 7,
    "fields": {
      "location_name": "Küchenunterschrank",
      "image": ""
    }
  },
  {
    "model": "recipes.location",
    "pk": 8,
    "fields": {
      "location_name": "Kühlschrank",
      "image": ""
    }
  },
  {
    "model": "recipes.location",
    "pk": 9,
    "fields": {
      "location_name": "Wasserhahn",
      "image": "images/wasserhahn.jpeg"
    }
  },
  {
    "model": "recipes.location",
    "pk": 10,
    "fields": {
      "location_name": "Tiefkühlschrank - Gemüsefach",
      "image": ""
    }
  },
  {
    "model": "recipes.utensil",
    "pk": 1,
    "fields": {
      "utensil_name": "Rührgerät - Pürierstab",
      "location": 7,
      "image": "images/puerierstab.jpeg"
    }
  },
  {
    "model": "recipes.step",
    "pk": 1,
    "fields": {
      "recipe": 1,
      "number": 1
    }
  },
  {
    "model": "recipes.step",
    "pk": 2,
    "fields": {
      "recipe": 1,
      "number": 2
    }
  },
  {
    "model": "recipes.step",
    "pk": 3,
    "fields": {
      "recipe": 1,
      "number": 3
    }
  },
  {
    "model": "recipes.step",
    "pk": 4,
    "fields": {
      "recipe": 2,
      "number": 1
    }
  },
  {
    "model": "recipes.step",
    "pk": 5,
    "fields": {
      "recipe": 2,
      "number": 2
    }
  },
  {
    "model": "recipes.instruction",
    "pk": 1,
    "fields": {
      "step": 1,
      "text": "schälen, kleinschneiden"
    }
  },
  {
    "model": "recipes.instruction",
    "pk": 2,
    "fields": {
      "step": 1,
      "text": "im größten Topf mit viel Butter anbraten"
    }
  },
  {
    "model": "recipes.instruction",
    "pk": 3,
    "fields": {
      "step": 2,
      "text": "schälen (Hokkaido nicht), in dünne Streifen schneiden"
    }
  },
  {
    "model": "recipes.instruction",
    "pk": 4,
    "fields": {
      "step": 2,
      "text": "zur Zwiebel geben, kurz anbraten"
    }
  },
  {
    "model": "recipes.instruction",
    "pk": 5,
    "fields": {
      "step": 2,
      "text": "mit Wasser auffüllen"
    }
  },
  {
    "model": "recipes.instruction",
    "pk": 6,
    "fields": {
      "step": 2,
      "text": "20 min kochen"
    }
  },
  {
    "model": "recipes.instruction",
    "pk": 7,
    "fields": {
      "step": 2,
      "text": "würzen mit Salz, Pfeffer, Zucker, Muskat"
    }
  },
  {
    "model": "recipes.instruction",
    "pk": 8,
    "fields": {
      "step": 3,
      "text": "zuletzt reinrühren"
    }
  },
  {
    "model": "recipes.instruction",
    "pk": 9,
    "fields": {
      "step": 4,
      "text": "schälen, kleinschneiden, anbraten"
    }
  },
  {
    "model": "recipes.instruction",
    "pk": 10,
    "fields": {
      "step": 5,
      "text": "zusammenschütten, umrühren"
    }
  },
  {
    "model": "recipes.instruction",
    "pk": 11,
    "fields": {
      "step": 5,
      "text": "20 min köcheln"
    }
  },
  {
    "model": "recipes.instruction",
    "pk": 12,
    "fields": {
      "step": 5,
      "text": "mit Salz, Chili, Ras el Hanout würzen"
    }
  },
  {
    "model": "recipes.instruction",
    "pk": 13,
    "fields": {
      "step": 5,
      "text": "evtl. Orangensaft oder getrocknete Tomaten reinrühren"
    }
  },
  {
    "model": "recipes.recipeutensil",
    "pk": 1,
    "fields": {
      "recipe": 1,
      "utensil": 1
    }
  },
  {
    "model": "recipes.ingredient",
    "pk": 1,
    "fields": {
      "ingredient_name": "Kürbis",
      "location1": 1,
      "location2": 10,
      "image": "",
      "usually_stocked": false,
      "alternatives": ""
    }
  },
  {
    "model": "recipes.ingredient",
    "pk": 2,
    "fields": {
      "ingredient_name": "Zwiebel",
      "location1": 4,
      "location2": null,
      "image": "images/zwiebeln.jpeg",
      "usually_stocked": true,
      "alternatives": ""
    }
  },
  {
    "model": "recipes.ingredient",
    "pk": 3,
    "fields": {
      "ingredient_name": "Möhren",
      "location1": 8,
      "location2": null,
      "image": "images/moehren.jpeg",
      "usually_stocked": false,
      "alternatives": ""
    }
  },
  {
    "model": "recipes.ingredient",
    "pk": 4,
    "fields": {
      "ingredient_name": "Kartoffeln",
      "location1": 4,
      "location2": null,
      "image": "images/kartoffeln.jpeg",
      "usually_stocked": false,
      "alternatives": ""
    }
  },
  {
    "model": "recipes.ingredient",
    "pk": 5,
    "fields": {
      "ingredient_name": "Dosentomaten (stückig)",
      "location1": 5,
      "location2": null,
      "image": "images/dosentomaten.jpeg",
      "usually_stocked": true,
      "alternatives": "frische Tomaten, passierte Tomaten, Dosentomaten (ganz), Tomatenmark, Ketchup"
    }
  },
  {
    "model": "recipes.ingredient",
    "pk": 6,
    "fields": {
      "ingredient_name": "Kokosmilch",
      "location1": 5,
      "location2": null,
      "image": "images/kokosmilch.jpeg",
      "usually_stocked": true,
      "alternatives": "Milch, Sahne"
    }
  },
  {
    "model": "recipes.ingredient",
    "pk": 7,
    "fields": {
      "ingredient_name": "Rote Linsen",
      "location1": 6,
      "location2": null,
      "image": "images/rote_linsen.jpeg",
      "usually_stocked": true,
      "alternatives": ""
    }
  },
  {
    "model": "recipes.ingredient",
    "pk": 8,
    "fields": {
      "ingredient_name": "Gemüsebrühe",
      "location1": 2,
      "location2": null,
      "image": "",
      "usually_stocked": true,
      "alternatives": ""
    }
  },
  {
    "model": "recipes.ingredient",
    "pk": 9,
    "fields": {
      "ingredient_name": "Sahne",
      "location1": 8,
      "location2": null,
      "image": "",
      "usually_stocked": false,
      "alternatives": "Milch"
    }
  },
  {
    "model": "recipes.ingredient",
    "pk": 10,
    "fields": {
      "ingredient_name": "Wasser",
      "location1": 9,
      "location2": null,
      "image": "images/wasser.jpeg",
      "usually_stocked": true,
      "alternatives": ""
    }
  },
  {
    "model": "recipes.stepingredient",
    "pk": 1,
    "fields": {
      "step": 1,
      "ingredient": 2,
      "quantity": "1",
      "unit": "St.",
      "alternatives": ""
    }
  },
  {
    "model": "recipes.stepingredient",
    "pk": 2,
    "fields": {
      "step": 2,
      "ingredient": 1,
      "quantity": "1",
      "unit": "kg",
      "alternatives": ""
    }
  },
  {
    "model": "recipes.stepingredient",
    "pk": 3,
    "fields": {
      "step": 2,
      "ingredient": 3,
      "quantity": "4",
      "unit": "St.",
      "alternatives": ""
    }
  },
  {
    "model": "recipes.stepingredient",
    "pk": 4,
    "fields": {
      "step": 2,
      "ingredient": 4,
      "quantity": "4",
      "unit": "St.",
      "alternatives": ""
    }
  },
  {
    "model": "recipes.stepingredient",
    "pk": 5,
    "fields": {
      "step": 3,
      "ingredient": 9,
      "quantity": "200",
      "unit": "ml",
      "alternatives": "Milch"
    }
  },
  {
    "model": "recipes.stepingredient",
    "pk": 6,
    "fields": {
      "step": 4,
      "ingredient": 2,
      "quantity": "1",
      "unit": "St.",
      "alternatives": ""
    }
  },
  {
    "model": "recipes.stepingredient",
    "pk": 7,
    "fields": {
      "step": 5,
      "ingredient": 5,
      "quantity": "1",
      "unit": "Dose",
      "alternatives": ""
    }
  },
  {
    "model": "recipes.stepingredient",
    "pk": 8,
    "fields": {
      "step": 5,
      "ingredient": 6,
      "quantity": "1",
      "unit": "Dose",
      "alternatives": ""
    }
  },
  {
    "model": "recipes.stepingredient",
    "pk": 9,
    "fields": {
      "step": 5,
      "ingredient": 7,
      "quantity": "160",
      "unit": "g",
      "alternatives": ""
    }
  },
  {
    "model": "recipes.stepingredient",
    "pk": 10,
    "fields": {
      "step": 5,
      "ingredient": 10,
      "quantity": "600",
      "unit": "ml",
      "alternatives": ""
    }
  },
  {
    "model": "recipes.stepingredient",
    "pk": 11,
    "fields": {
      "step": 5,
      "ingredient": 8,
      "quantity": "1",
      "unit": "TL",
      "alternatives": ""
    }
  },
  {
    "model": "admin.logentry",
    "pk": 1,
    "fields": {
      "action_time": "2025-12-23T22:38:54.346Z",
      "user": 1,
      "content_type": 10,
      "object_id": "1",
      "object_repr": "Kürbissuppe",
      "action_flag": 1,
      "change_message": "[{\"added\": {}}]"
    }
  },
  {
    "model": "admin.logentry",
    "pk": 2,
    "fields": {
      "action_time": "2025-12-23T22:45:03.037Z",
      "user": 1,
      "content_type": 10,
      "object_id": "1",
      "object_repr": "Kürbissuppe",
      "action_flag": 2,
      "change_message": "[{\"changed\": {\"fields\": [\"Source\"]}}]"
    }
  },
  {
    "model": "admin.logentry",
    "pk": 3,
    "fields": {
      "action_time": "2025-12-23T22:45:15.515Z",
      "user": 1,
      "content_type": 10,
      "object_id": "1",
      "object_repr": "Kürbissuppe",
      "action_flag": 2,
      "change_message": "[]"
    }
  },
  {
    "model": "admin.logentry",
    "pk": 4,
    "fields": {
      "action_time": "2025-12-23T23:03:29.334Z",
      "user": 1,
      "content_type": 10,
      "object_id": "2",
      "object_repr": "Rote-Linsen-Kokos-Suppe",
      "action_flag": 1,
      "change_message": "[{\"added\": {}}]"
    }
  },
  {
    "model": "admin.logentry",
    "pk": 5,
    "fields": {
      "action_time": "2025-12-24T00:04:32.470Z",
      "user": 1,
      "content_type": 11,
      "object_id": "1",
      "object_repr": "Regal hinter Küchentür",
      "action_flag": 1,
      "change_message": "[{\"added\": {}}]"
    }
  },
  {
    "model": "admin.logentry",
    "pk": 6,
    "fields": {
      "action_time": "2025-12-24T00:04:43.422Z",
      "user": 1,
      "content_type": 11,
      "object_id": "2",
      "object_repr": "Gewürzregal",
      "action_flag": 1,
      "change_message": "[{\"added\": {}}]"
    }
  },
  {
    "model": "admin.logentry",
    "pk": 7,
    "fields": {
      "action_time": "2025-12-24T00:04:53.337Z",
      "user": 1,
      "content_type": 11,
      "object_id": "3",
      "object_repr": "Kühlschrank",
      "action_flag": 1,
      "change_message": "[{\"added\": {}}]"
    }
  },
  {
    "model": "admin.logentry",
    "pk": 8,
    "fields": {
      "action_time": "2025-12-24T00:05:22.662Z",
      "user": 1,
      "content_type": 7,
      "object_id": "1",
      "object_repr": "Kürbis",
      "action_flag": 1,
      "change_message": "[{\"added\": {}}]"
    }
  },
  {
    "model": "admin.logentry",
    "pk": 9,
    "fields": {
      "action_time": "2025-12-24T00:05:44.742Z",
      "user": 1,
      "content_type": 11,
      "object_id": "4",
      "object_repr": "Speisekammerboden",
      "action_flag": 1,
      "change_message": "[{\"added\": {}}]"
    }
  },
  {
    "model": "admin.logentry",
    "pk": 10,
    "fields": {
      "action_time": "2025-12-24T00:05:58.409Z",
      "user": 1,
      "content_type": 11,
      "object_id": "5",
      "object_repr": "Regal in Speisekammer",
      "action_flag": 1,
      "change_message": "[{\"added\": {}}]"
    }
  },
  {
    "model": "admin.logentry",
    "pk": 11,
    "fields": {
      "action_time": "2025-12-24T00:06:30.112Z",
      "user": 1,
      "content_type": 7,
      "object_id": "2",
      "object_repr": "Zwiebel",
      "action_flag": 1,
      "change_message": "[{\"added\": {}}]"
    }
  },
  {
    "model": "admin.logentry",
    "pk": 12,
    "fields": {
      "action_time": "2025-12-24T00:06:43.029Z",
      "user": 1,
      "content_type": 7,
      "object_id": "3",
      "object_repr": "Möhren",
      "action_flag": 1,
      "change_message": "[{\"added\": {}}]"
    }
  },
  {
    "model": "admin.logentry",
    "pk": 13,
    "fields": {
      "action_time": "2025-12-24T00:06:59.575Z",
      "user": 1,
      "content_type": 7,
      "object_id": "4",
      "object_repr": "Kartoffeln",
      "action_flag": 1,
      "change_message": "[{\"added\": {}}]"
    }
  },
  {
    "model": "admin.logentry",
    "pk": 14,
    "fields": {
      "action_time": "2025-12-24T00:08:25.393Z",
      "user": 1,
      "content_type": 10,
      "object_id": "1",
      "object_repr": "Kürbissuppe",
      "action_flag": 2,
      "change_message": "[{\"added\": {\"name\": \"ingredient in recipe\", \"object\": \"IngredientInRecipe object (1)\"}}, {\"added\": {\"name\": \"ingredient in recipe\", \"object\": \"IngredientInRecipe object (2)\"}}, {\"added\": {\"name\": \"ingredient in recipe\", \"object\": \"IngredientInRecipe object (3)\"}}, {\"added\": {\"name\": \"ingredient in recipe\", \"object\": \"IngredientInRecipe object (4)\"}}]"
    }
  },
  {
    "model": "admin.logentry",
    "pk": 15,
    "fields": {
      "action_time": "2025-12-24T00:13:47.341Z",
      "user": 1,
      "content_type": 10,
      "object_id": "1",
      "object_repr": "Kürbissuppe",
      "action_flag": 2,
      "change_message": "[{\"added\": {\"name\": \"instruction\", \"object\": \"Instruction object (1)\"}}, {\"added\": {\"name\": \"instruction\", \"object\": \"Instruction object (2)\"}}]"
    }
  },
  {
    "model": "admin.logentry",
    "pk": 16,
    "fields": {
      "action_time": "2025-12-24T21:55:22.306Z",
      "user": 1,
      "content_type": 7,
      "object_id": "5",
      "object_repr": "Dosentomaten",
      "action_flag": 1,
      "change_message": "[{\"added\": {}}]"
    }
  },
  {
    "model": "admin.logentry",
    "pk": 17,
    "fields": {
      "action_time": "2025-12-24T21:55:46.492Z",
      "user": 1,
      "content_type": 7,
      "object_id": "6",
      "object_repr": "Kokosmilch",
      "action_flag": 1,
      "change_message": "[{\"added\": {}}]"
    }
  },
  {
    "model": "admin.logentry",
    "pk": 18,
    "fields": {
      "action_time": "2025-12-24T21:56:25.638Z",
      "user": 1,
      "content_type": 11,
      "object_id": "6",
      "object_repr": "Tiefkühlschrank - Kathis Gruscht",
      "action_flag": 1,
      "change_message": "[{\"added\": {}}]"
    }
  },
  {
    "model": "admin.logentry",
    "pk": 19,
    "fields": {
      "action_time": "2025-12-24T21:56:59.241Z",
      "user": 1,
      "content_type": 7,
      "object_id": "7",
      "object_repr": "Rote Linsen",
      "action_flag": 1,
      "change_message": "[{\"added\": {}}]"
    }
  },
  {
    "model": "admin.logentry",
    "pk": 20,
    "fields": {
      "action_time": "2025-12-24T21:58:35.941Z",
      "user": 1,
      "content_type": 10,
      "object_id": "2",
      "object_repr": "Rote-Linsen-Kokos-Suppe",
      "action_flag": 2,
      "change_message": "[{\"added\": {\"name\": \"ingredient in recipe\", \"object\": \"IngredientInRecipe object (5)\"}}, {\"added\": {\"name\": \"ingredient in recipe\", \"object\": \"IngredientInRecipe object (6)\"}}, {\"added\": {\"name\": \"ingredient in recipe\", \"object\": \"IngredientInRecipe object (7)\"}}, {\"added\": {\"name\": \"instruction\", \"object\": \"Instruction object (3)\"}}]"
    }
  },
  {
    "model": "admin.logentry",
    "pk": 21,
    "fields": {
      "action_time": "2025-12-24T22:02:49.562Z",
      "user": 1,
      "content_type": 7,
      "object_id": "8",
      "object_repr": "Gemüsebrühe",
      "action_flag": 1,
      "change_message": "[{\"added\": {}}]"
    }
  },
  {
    "model": "admin.logentry",
    "pk": 22,
    "fields": {
      "action_time": "2025-12-24T22:04:41.129Z",
      "user": 1,
      "content_type": 10,
      "object_id": "2",
      "object_repr": "Rote-Linsen-Kokos-Suppe",
      "action_flag": 2,
      "change_message": "[{\"added\": {\"name\": \"ingredient in recipe\", \"object\": \"IngredientInRecipe object (8)\"}}, {\"added\": {\"name\": \"ingredient in recipe\", \"object\": \"IngredientInRecipe object (9)\"}}]"
    }
  },
  {
    "model": "admin.logentry",
    "pk": 23,
    "fields": {
      "action_time": "2025-12-25T19:14:04.010Z",
      "user": 1,
      "content_type": 11,
      "object_id": "7",
      "object_repr": "Küchenunterschrank",
      "action_flag": 1,
      "change_message": "[{\"added\": {}}]"
    }
  },
  {
    "model": "admin.logentry",
    "pk": 24,
    "fields": {
      "action_time": "2025-12-25T19:14:05.914Z",
      "user": 1,
      "content_type": 13,
      "object_id": "1",
      "object_repr": "Rührgerät - Pürierstab",
      "action_flag": 1,
      "change_message": "[{\"added\": {}}]"
    }
  },
  {
    "model": "admin.logentry",
    "pk": 25,
    "fields": {
      "action_time": "2025-12-25T19:22:26.347Z",
      "user": 1,
      "content_type": 10,
      "object_id": "1",
      "object_repr": "Kürbissuppe",
      "action_flag": 2,
      "change_message": "[{\"added\": {\"name\": \"recipe utensil\", \"object\": \"RecipeUtensil object (1)\"}}]"
    }
  },
  {
    "model": "admin.logentry",
    "pk": 26,
    "fields": {
      "action_time": "2025-12-25T20:11:25.434Z",
      "user": 1,
      "content_type": 9,
      "object_id": "1",
      "object_repr": "Instruction object (1)",
      "action_flag": 2,
      "change_message": "[{\"changed\": {\"fields\": [\"Text\"]}}]"
    }
  },
  {
    "model": "admin.logentry",
    "pk": 27,
    "fields": {
      "action_time": "2025-12-25T20:11:36.593Z",
      "user": 1,
      "content_type": 9,
      "object_id": "2",
      "object_repr": "Instruction object (2)",
      "action_flag": 2,
      "change_message": "[{\"changed\": {\"fields\": [\"Text\"]}}]"
    }
  },
  {
    "model": "admin.logentry",
    "pk": 28,
    "fields": {
      "action_time": "2025-12-25T20:12:08.684Z",
      "user": 1,
      "content_type": 9,
      "object_id": "3",
      "object_repr": "Instruction object (3)",
      "action_flag": 2,
      "change_message": "[{\"changed\": {\"fields\": [\"Text\"]}}]"
    }
  },
  {
    "model": "admin.logentry",
    "pk": 29,
    "fields": {
      "action_time": "2025-12-25T20:19:21.769Z",
      "user": 1,
      "content_type": 10,
      "object_id": "1",
      "object_repr": "Kürbissuppe",
      "action_flag": 2,
      "change_message": "[{\"added\": {\"name\": \"step\", \"object\": \"Step object (1)\"}}, {\"added\": {\"name\": \"step\", \"object\": \"Step object (2)\"}}]"
    }
  },
  {
    "model": "admin.logentry",
    "pk": 30,
    "fields": {
      "action_time": "2025-12-25T23:56:23.014Z",
      "user": 1,
      "content_type": 10,
      "object_id": "1",
      "object_repr": "Kürbissuppe",
      "action_flag": 2,
      "change_message": "[]"
    }
  },
  {
    "model": "admin.logentry",
    "pk": 31,
    "fields": {
      "action_time": "2025-12-26T00:01:08.986Z",
      "user": 1,
      "content_type": 10,
      "object_id": "1",
      "object_repr": "Kürbissuppe",
      "action_flag": 2,
      "change_message": "[{\"changed\": {\"name\": \"step\", \"object\": \"Step object (1)\", \"fields\": [\"Instruction\"]}}, {\"changed\": {\"name\": \"step\", \"object\": \"Step object (2)\", \"fields\": [\"Instruction\"]}}, {\"added\": {\"name\": \"step ingredient\", \"object\": \"StepIngredient object (1)\"}}, {\"added\": {\"name\": \"step ingredient\", \"object\": \"StepIngredient object (2)\"}}, {\"added\": {\"name\": \"step ingredient\", \"object\": \"StepIngredient object (3)\"}}, {\"added\": {\"name\": \"step ingredient\", \"object\": \"StepIngredient object (4)\"}}]"
    }
  },
  {
    "model": "admin.logentry",
    "pk": 32,
    "fields": {
      "action_time": "2025-12-27T20:58:22.743Z",
      "user": 1,
      "content_type": 10,
      "object_id": "1",
      "object_repr": "Kürbissuppe",
      "action_flag": 2,
      "change_message": "[{\"added\": {\"name\": \"instruction\", \"object\": \"sch\\u00e4len, kleinschneiden\"}}, {\"added\": {\"name\": \"instruction\", \"object\": \"im gr\\u00f6\\u00dften Topf anbraten\"}}, {\"added\": {\"name\": \"instruction\", \"object\": \"sch\\u00e4len (Hokkaido nicht), in d\\u00fcnne Streifen schnei\"}}, {\"added\": {\"name\": \"instruction\", \"object\": \"zur Zwiebel geben, kurz anbraten\"}}, {\"added\": {\"name\": \"instruction\", \"object\": \"mit Wasser auff\\u00fcllen\"}}, {\"added\": {\"name\": \"instruction\", \"object\": \"20 min kochen\"}}]"
    }
  },
  {
    "model": "admin.logentry",
    "pk": 33,
    "fields": {
      "action_time": "2025-12-27T21:13:52.888Z",
      "user": 1,
      "content_type": 10,
      "object_id": "1",
      "object_repr": "Kürbissuppe",
      "action_flag": 2,
      "change_message": "[{\"changed\": {\"name\": \"instruction\", \"object\": \"Instruction object (2)\", \"fields\": [\"Text\"]}}]"
    }
  },
  {
    "model": "admin.logentry",
    "pk": 34,
    "fields": {
      "action_time": "2025-12-27T21:15:29.142Z",
      "user": 1,
      "content_type": 11,
      "object_id": "8",
      "object_repr": "Kühlschrank",
      "action_flag": 1,
      "change_message": "[{\"added\": {}}]"
    }
  },
  {
    "model": "admin.logentry",
    "pk": 35,
    "fields": {
      "action_time": "2025-12-27T21:15:33.122Z",
      "user": 1,
      "content_type": 7,
      "object_id": "9",
      "object_repr": "Sahne",
      "action_flag": 1,
      "change_message": "[{\"added\": {}}]"
    }
  },
  {
    "model": "admin.logentry",
    "pk": 36,
    "fields": {
      "action_time": "2025-12-27T21:16:25.990Z",
      "user": 1,
      "content_type": 10,
      "object_id": "1",
      "object_repr": "Kürbissuppe",
      "action_flag": 2,
      "change_message": "[{\"added\": {\"name\": \"step\", \"object\": \"Step object (3)\"}}, {\"added\": {\"name\": \"step ingredient\", \"object\": \"Sahne\"}}, {\"added\": {\"name\": \"instruction\", \"object\": \"Instruction object (7)\"}}, {\"added\": {\"name\": \"instruction\", \"object\": \"Instruction object (8)\"}}]"
    }
  },
  {
    "model": "admin.logentry",
    "pk": 37,
    "fields": {
      "action_time": "2025-12-27T21:20:16.593Z",
      "user": 1,
      "content_type": 11,
      "object_id": "9",
      "object_repr": "Wasserhahn",
      "action_flag": 1,
      "change_message": "[{\"added\": {}}]"
    }
  },
  {
    "model": "admin.logentry",
    "pk": 38,
    "fields": {
      "action_time": "2025-12-27T21:20:21.261Z",
      "user": 1,
      "content_type": 7,
      "object_id": "10",
      "object_repr": "Wasser",
      "action_flag": 1,
      "change_message": "[{\"added\": {}}]"
    }
  },
  {
    "model": "admin.logentry",
    "pk": 39,
    "fields": {
      "action_time": "2025-12-27T21:23:43.290Z",
      "user": 1,
      "content_type": 10,
      "object_id": "2",
      "object_repr": "Rote-Linsen-Kokos-Suppe",
      "action_flag": 2,
      "change_message": "[{\"added\": {\"name\": \"step\", \"object\": \"Step object (4)\"}}, {\"added\": {\"name\": \"step\", \"object\": \"Step object (5)\"}}, {\"added\": {\"name\": \"step ingredient\", \"object\": \"Zwiebel\"}}, {\"added\": {\"name\": \"step ingredient\", \"object\": \"Dosentomaten\"}}, {\"added\": {\"name\": \"step ingredient\", \"object\": \"Kokosmilch\"}}, {\"added\": {\"name\": \"step ingredient\", \"object\": \"Rote Linsen\"}}, {\"added\": {\"name\": \"step ingredient\", \"object\": \"Wasser\"}}, {\"added\": {\"name\": \"step ingredient\", \"object\": \"Gem\\u00fcsebr\\u00fche\"}}, {\"added\": {\"name\": \"instruction\", \"object\": \"Instruction object (9)\"}}, {\"added\": {\"name\": \"instruction\", \"object\": \"Instruction object (10)\"}}, {\"added\": {\"name\": \"instruction\", \"object\": \"Instruction object (11)\"}}, {\"added\": {\"name\": \"instruction\", \"object\": \"Instruction object (12)\"}}, {\"added\": {\"name\": \"instruction\", \"object\": \"Instruction object (13)\"}}]"
    }
  },
  {
    "model": "admin.logentry",
    "pk": 40,
    "fields": {
      "action_time": "2025-12-27T22:03:05.806Z",
      "user": 1,
      "content_type": 11,
      "object_id": "3",
      "object_repr": "Kühlschrank",
      "action_flag": 3,
      "change_message": ""
    }
  },
  {
    "model": "admin.logentry",
    "pk": 41,
    "fields": {
      "action_time": "2025-12-27T22:03:32.308Z",
      "user": 1,
      "content_type": 7,
      "object_id": "3",
      "object_repr": "Möhren",
      "action_flag": 2,
      "change_message": "[{\"changed\": {\"fields\": [\"Location\"]}}]"
    }
  },
  {
    "model": "admin.logentry",
    "pk": 42,
    "fields": {
      "action_time": "2025-12-27T23:04:27.258Z",
      "user": 1,
      "content_type": 11,
      "object_id": "7",
      "object_repr": "Küchenunterschrank",
      "action_flag": 2,
      "change_message": "[{\"changed\": {\"fields\": [\"Image\"]}}]"
    }
  },
  {
    "model": "admin.logentry",
    "pk": 43,
    "fields": {
      "action_time": "2025-12-27T23:05:42.529Z",
      "user": 1,
      "content_type": 11,
      "object_id": "7",
      "object_repr": "Küchenunterschrank",
      "action_flag": 2,
      "change_message": "[{\"changed\": {\"fields\": [\"Image\"]}}]"
    }
  },
  {
    "model": "admin.logentry",
    "pk": 44,
    "fields": {
      "action_time": "2025-12-27T23:06:35.208Z",
      "user": 1,
      "content_type": 11,
      "object_id": "4",
      "object_repr": "Speisekammerboden",
      "action_flag": 2,
      "change_message": "[{\"changed\": {\"fields\": [\"Image\"]}}]"
    }
  },
  {
    "model": "admin.logentry",
    "pk": 45,
    "fields": {
      "action_time": "2025-12-27T23:07:07.386Z",
      "user": 1,
      "content_type": 11,
      "object_id": "1",
      "object_repr": "Regal hinter Küchentür",
      "action_flag": 2,
      "change_message": "[{\"changed\": {\"fields\": [\"Image\"]}}]"
    }
  },
  {
    "model": "admin.logentry",
    "pk": 46,
    "fields": {
      "action_time": "2025-12-27T23:07:44.217Z",
      "user": 1,
      "content_type": 11,
      "object_id": "8",
      "object_repr": "Kühlschrank",
      "action_flag": 2,
      "change_message": "[{\"changed\": {\"fields\": [\"Image\"]}}]"
    }
  },
  {
    "model": "admin.logentry",
    "pk": 47,
    "fields": {
      "action_time": "2026-01-01T14:14:23.555Z",
      "user": 1,
      "content_type": 13,
      "object_id": "1",
      "object_repr": "Rührgerät - Pürierstab",
      "action_flag": 2,
      "change_message": "[{\"changed\": {\"fields\": [\"Image\"]}}]"
    }
  },
  {
    "model": "admin.logentry",
    "pk": 48,
    "fields": {
      "action_time": "2026-01-01T14:15:04.542Z",
      "user": 1,
      "content_type": 7,
      "object_id": "2",
      "object_repr": "Zwiebel",
      "action_flag": 2,
      "change_message": "[{\"changed\": {\"fields\": [\"Image\"]}}]"
    }
  },
  {
    "model": "admin.logentry",
    "pk": 49,
    "fields": {
      "action_time": "2026-01-01T21:34:53.561Z",
      "user": 1,
      "content_type": 7,
      "object_id": "9",
      "object_repr": "Sahne",
      "action_flag": 2,
      "change_message": "[{\"changed\": {\"fields\": [\"Usually stocked\", \"Alternatives\"]}}]"
    }
  },
  {
    "model": "admin.logentry",
    "pk": 50,
    "fields": {
      "action_time": "2026-01-01T21:36:18.329Z",
      "user": 1,
      "content_type": 7,
      "object_id": "6",
      "object_repr": "Kokosmilch",
      "action_flag": 2,
      "change_message": "[{\"changed\": {\"fields\": [\"Alternatives\"]}}]"
    }
  },
  {
    "model": "admin.logentry",
    "pk": 51,
    "fields": {
      "action_time": "2026-01-01T21:38:23.537Z",
      "user": 1,
      "content_type": 7,
      "object_id": "5",
      "object_repr": "Dosentomaten",
      "action_flag": 2,
      "change_message": "[{\"changed\": {\"fields\": [\"Alternatives\"]}}]"
    }
  },
  {
    "model": "admin.logentry",
    "pk": 52,
    "fields": {
      "action_time": "2026-01-01T21:39:09.911Z",
      "user": 1,
      "content_type": 7,
      "object_id": "5",
      "object_repr": "Dosentomaten (stückig)",
      "action_flag": 2,
      "change_message": "[{\"changed\": {\"fields\": [\"Ingredient name\", \"Alternatives\"]}}]"
    }
  },
  {
    "model": "admin.logentry",
    "pk": 53,
    "fields": {
      "action_time": "2026-01-01T21:44:17.540Z",
      "user": 1,
      "content_type": 7,
      "object_id": "3",
      "object_repr": "Möhren",
      "action_flag": 2,
      "change_message": "[{\"changed\": {\"fields\": [\"Usually stocked\"]}}]"
    }
  },
  {
    "model": "admin.logentry",
    "pk": 54,
    "fields": {
      "action_time": "2026-01-01T21:44:28.095Z",
      "user": 1,
      "content_type": 7,
      "object_id": "1",
      "object_repr": "Kürbis",
      "action_flag": 2,
      "change_message": "[{\"changed\": {\"fields\": [\"Usually stocked\"]}}]"
    }
  },
  {
    "model": "admin.logentry",
    "pk": 55,
    "fields": {
      "action_time": "2026-01-01T21:44:44.795Z",
      "user": 1,
      "content_type": 7,
      "object_id": "1",
      "object_repr": "Kürbis",
      "action_flag": 2,
      "change_message": "[]"
    }
  },
  {
    "model": "admin.logentry",
    "pk": 56,
    "fields": {
      "action_time": "2026-01-01T21:44:54.716Z",
      "user": 1,
      "content_type": 7,
      "object_id": "4",
      "object_repr": "Kartoffeln",
      "action_flag": 2,
      "change_message": "[{\"changed\": {\"fields\": [\"Usually stocked\"]}}]"
    }
  },
  {
    "model": "admin.logentry",
    "pk": 57,
    "fields": {
      "action_time": "2026-01-01T22:06:48.375Z",
      "user": 1,
      "content_type": 10,
      "object_id": "2",
      "object_repr": "Rote-Linsen-Kokos-Suppe",
      "action_flag": 2,
      "change_message": "[]"
    }
  },
  {
    "model": "admin.logentry",
    "pk": 58,
    "fields": {
      "action_time": "2026-01-01T22:07:31.367Z",
      "user": 1,
      "content_type": 10,
      "object_id": "2",
      "object_repr": "Rote-Linsen-Kokos-Suppe",
      "action_flag": 2,
      "change_message": "[{\"changed\": {\"name\": \"step ingredient\", \"object\": \"Dosentomaten (st\\u00fcckig)\", \"fields\": [\"Alternatives\"]}}]"
    }
  },
  {
    "model": "admin.logentry",
    "pk": 59,
    "fields": {
      "action_time": "2026-01-01T22:07:45.964Z",
      "user": 1,
      "content_type": 10,
      "object_id": "2",
      "object_repr": "Rote-Linsen-Kokos-Suppe",
      "action_flag": 2,
      "change_message": "[{\"changed\": {\"name\": \"step ingredient\", \"object\": \"Dosentomaten (st\\u00fcckig)\", \"fields\": [\"Alternatives\"]}}]"
    }
  },
  {
    "model": "admin.logentry",
    "pk": 60,
    "fields": {
      "action_time": "2026-01-04T18:41:17.201Z",
      "user": 1,
      "content_type": 7,
      "object_id": "2",
      "object_repr": "Zwiebel",
      "action_flag": 2,
      "change_message": "[{\"changed\": {\"fields\": [\"Image\"]}}]"
    }
  },
  {
    "model": "admin.logentry",
    "pk": 61,
    "fields": {
      "action_time": "2026-01-04T19:01:03.135Z",
      "user": 1,
      "content_type": 7,
      "object_id": "10",
      "object_repr": "Wasser",
      "action_flag": 2,
      "change_message": "[{\"changed\": {\"fields\": [\"Image\"]}}]"
    }
  },
  {
    "model": "admin.logentry",
    "pk": 62,
    "fields": {
      "action_time": "2026-01-04T19:01:19.824Z",
      "user": 1,
      "content_type": 7,
      "object_id": "7",
      "object_repr": "Rote Linsen",
      "action_flag": 2,
      "change_message": "[{\"changed\": {\"fields\": [\"Image\"]}}]"
    }
  },
  {
    "model": "admin.logentry",
    "pk": 63,
    "fields": {
      "action_time": "2026-01-04T19:01:29.485Z",
      "user": 1,
      "content_type": 7,
      "object_id": "6",
      "object_repr": "Kokosmilch",
      "action_flag": 2,
      "change_message": "[{\"changed\": {\"fields\": [\"Image\"]}}]"
    }
  },
  {
    "model": "admin.logentry",
    "pk": 64,
    "fields": {
      "action_time": "2026-01-04T19:01:38.800Z",
      "user": 1,
      "content_type": 7,
      "object_id": "5",
      "object_repr": "Dosentomaten (stückig)",
      "action_flag": 2,
      "change_message": "[{\"changed\": {\"fields\": [\"Image\"]}}]"
    }
  },
  {
    "model": "admin.logentry",
    "pk": 65,
    "fields": {
      "action_time": "2026-01-04T19:01:47.422Z",
      "user": 1,
      "content_type": 7,
      "object_id": "4",
      "object_repr": "Kartoffeln",
      "action_flag": 2,
      "change_message": "[{\"changed\": {\"fields\": [\"Image\"]}}]"
    }
  },
  {
    "model": "admin.logentry",
    "pk": 66,
    "fields": {
      "action_time": "2026-01-04T19:01:56.725Z",
      "user": 1,
      "content_type": 7,
      "object_id": "3",
      "object_repr": "Möhren",
      "action_flag": 2,
      "change_message": "[{\"changed\": {\"fields\": [\"Image\"]}}]"
    }
  },
  {
    "model": "admin.logentry",
    "pk": 67,
    "fields": {
      "action_time": "2026-01-04T19:02:06.026Z",
      "user": 1,
      "content_type": 7,
      "object_id": "2",
      "object_repr": "Zwiebel",
      "action_flag": 2,
      "change_message": "[{\"changed\": {\"fields\": [\"Image\"]}}]"
    }
  },
  {
    "model": "admin.logentry",
    "pk": 68,
    "fields": {
      "action_time": "2026-01-04T19:02:19.675Z",
      "user": 1,
      "content_type": 11,
      "object_id": "9",
      "object_repr": "Wasserhahn",
      "action_flag": 2,
      "change_message": "[{\"changed\": {\"fields\": [\"Image\"]}}]"
    }
  },
  {
    "model": "admin.logentry",
    "pk": 69,
    "fields": {
      "action_time": "2026-01-04T19:04:17.940Z",
      "user": 1,
      "content_type": 11,
      "object_id": "8",
      "object_repr": "Kühlschrank",
      "action_flag": 2,
      "change_message": "[{\"changed\": {\"fields\": [\"Image\"]}}]"
    }
  },
  {
    "model": "admin.logentry",
    "pk": 70,
    "fields": {
      "action_time": "2026-01-04T19:04:35.134Z",
      "user": 1,
      "content_type": 11,
      "object_id": "7",
      "object_repr": "Küchenunterschrank",
      "action_flag": 2,
      "change_message": "[{\"changed\": {\"fields\": [\"Image\"]}}]"
    }
  },
  {
    "model": "admin.logentry",
    "pk": 71,
    "fields": {
      "action_time": "2026-01-04T19:04:45.500Z",
      "user": 1,
      "content_type": 11,
      "object_id": "4",
      "object_repr": "Speisekammerboden",
      "action_flag": 2,
      "change_message": "[{\"changed\": {\"fields\": [\"Image\"]}}]"
    }
  },
  {
    "model": "admin.logentry",
    "pk": 72,
    "fields": {
      "action_time": "2026-01-04T19:04:55.515Z",
      "user": 1,
      "content_type": 11,
      "object_id": "1",
      "object_repr": "Regal hinter Küchentür",
      "action_flag": 2,
      "change_message": "[{\"changed\": {\"fields\": [\"Image\"]}}]"
    }
  },
  {
    "model": "admin.logentry",
    "pk": 73,
    "fields": {
      "action_time": "2026-01-04T19:06:21.007Z",
      "user": 1,
      "content_type": 13,
      "object_id": "1",
      "object_repr": "Rührgerät - Pürierstab",
      "action_flag": 2,
      "change_message": "[{\"changed\": {\"fields\": [\"Image\"]}}]"
    }
  },
  {
    "model": "admin.logentry",
    "pk": 74,
    "fields": {
      "action_time": "2026-01-04T19:08:50.913Z",
      "user": 1,
      "content_type": 13,
      "object_id": "1",
      "object_repr": "Rührgerät - Pürierstab",
      "action_flag": 2,
      "change_message": "[{\"changed\": {\"fields\": [\"Image\"]}}]"
    }
  },
  {
    "model": "admin.logentry",
    "pk": 75,
    "fields": {
      "action_time": "2026-01-04T19:37:23.995Z",
      "user": 1,
      "content_type": 11,
      "object_id": "10",
      "object_repr": "Tiefkühlschrank - Gemüsefach",
      "action_flag": 1,
      "change_message": "[{\"added\": {}}]"
    }
  },
  {
    "model": "admin.logentry",
    "pk": 76,
    "fields": {
      "action_time": "2026-01-04T19:37:41.688Z",
      "user": 1,
      "content_type": 7,
      "object_id": "1",
      "object_repr": "Kürbis",
      "action_flag": 2,
      "change_message": "[{\"changed\": {\"fields\": [\"Location1\", \"Location2\"]}}]"
    }
  },
  {
    "model": "admin.logentry",
    "pk": 77,
    "fields": {
      "action_time": "2026-01-04T20:04:20.924Z",
      "user": 1,
      "content_type": 7,
      "object_id": "10",
      "object_repr": "Wasser",
      "action_flag": 2,
      "change_message": "[{\"changed\": {\"fields\": [\"Lagerort\"]}}]"
    }
  },
  {
    "model": "admin.logentry",
    "pk": 78,
    "fields": {
      "action_time": "2026-01-04T20:04:31.401Z",
      "user": 1,
      "content_type": 7,
      "object_id": "9",
      "object_repr": "Sahne",
      "action_flag": 2,
      "change_message": "[{\"changed\": {\"fields\": [\"Lagerort\"]}}]"
    }
  },
  {
    "model": "admin.logentry",
    "pk": 79,
    "fields": {
      "action_time": "2026-01-04T20:04:38.542Z",
      "user": 1,
      "content_type": 7,
      "object_id": "8",
      "object_repr": "Gemüsebrühe",
      "action_flag": 2,
      "change_message": "[{\"changed\": {\"fields\": [\"Lagerort\"]}}]"
    }
  },
  {
    "model": "admin.logentry",
    "pk": 80,
    "fields": {
      "action_time": "2026-01-04T20:04:46.955Z",
      "user": 1,
      "content_type": 7,
      "object_id": "7",
      "object_repr": "Rote Linsen",
      "action_flag": 2,
      "change_message": "[{\"changed\": {\"fields\": [\"Lagerort\"]}}]"
    }
  },
  {
    "model": "admin.logentry",
    "pk": 81,
    "fields": {
      "action_time": "2026-01-04T20:04:59.159Z",
      "user": 1,
      "content_type": 7,
      "object_id": "6",
      "object_repr": "Kokosmilch",
      "action_flag": 2,
      "change_message": "[{\"changed\": {\"fields\": [\"Lagerort\"]}}]"
    }
  },
  {
    "model": "admin.logentry",
    "pk": 82,
    "fields": {
      "action_time": "2026-01-04T20:05:15.806Z",
      "user": 1,
      "content_type": 7,
      "object_id": "5",
      "object_repr": "Dosentomaten (stückig)",
      "action_flag": 2,
      "change_message": "[{\"changed\": {\"fields\": [\"Lagerort\"]}}]"
    }
  },
  {
    "model": "admin.logentry",
    "pk": 83,
    "fields": {
      "action_time": "2026-01-04T20:05:22.621Z",
      "user": 1,
      "content_type": 7,
      "object_id": "4",
      "object_repr": "Kartoffeln",
      "action_flag": 2,
      "change_message": "[{\"changed\": {\"fields\": [\"Lagerort\"]}}]"
    }
  },
  {
    "model": "admin.logentry",
    "pk": 84,
    "fields": {
      "action_time": "2026-01-04T20:05:30.197Z",
      "user": 1,
      "content_type": 7,
      "object_id": "3",
      "object_repr": "Möhren",
      "action_flag": 2,
      "change_message": "[{\"changed\": {\"fields\": [\"Lagerort\"]}}]"
    }
  },
  {
    "model": "admin.logentry",
    "pk": 85,
    "fields": {
      "action_time": "2026-01-04T20:05:36.813Z",
      "user": 1,
      "content_type": 7,
      "object_id": "2",
      "object_repr": "Zwiebel",
      "action_flag": 2,
      "change_message": "[{\"changed\": {\"fields\": [\"Lagerort\"]}}]"
    }
  },
  {
    "model": "admin.logentry",
    "pk": 86,
    "fields": {
      "action_time": "2026-01-04T20:05:41.744Z",
      "user": 1,
      "content_type": 7,
      "object_id": "1",
      "object_repr": "Kürbis",
      "action_flag": 2,
      "change_message": "[]"
    }
  },
  {
    "model": "auth.permission",
    "pk": 1,
    "fields": {
      "name": "Can add log entry",
      "content_type": 1,
      "codename": "add_logentry"
    }
  },
  {
    "model": "auth.permission",
    "pk": 2,
    "fields": {
      "name": "Can change log entry",
      "content_type": 1,
      "codename": "change_logentry"
    }
  },
  {
    "model": "auth.permission",
    "pk": 3,
    "fields": {
      "name": "Can delete log entry",
      "content_type": 1,
      "codename": "delete_logentry"
    }
  },
  {
    "model": "auth.permission",
    "pk": 4,
    "fields": {
      "name": "Can view log entry",
      "content_type": 1,
      "codename": "view_logentry"
    }
  },
  {
    "model": "auth.permission",
    "pk": 5,
    "fields": {
      "name": "Can add permission",
      "content_type": 3,
      "codename": "add_permission"
    }
  },
  {
    "model": "auth.permission",
    "pk": 6,
    "fields": {
      "name": "Can change permission",
      "content_type": 3,
      "codename": "change_permission"
    }
  },
  {
    "model": "auth.permission",
    "pk": 7,
    "fields": {
      "name": "Can delete permission",
      "content_type": 3,
      "codename": "delete_permission"
    }
  },
  {
    "model": "auth.permission",
    "pk": 8,
    "fields": {
      "name": "Can view permission",
      "content_type": 3,
      "codename": "view_permission"
    }
  },
  {
    "model": "auth.permission",
    "pk": 9,
    "fields": {
      "name": "Can add group",
      "content_type": 2,
      "codename": "add_group"
    }
  },
  {
    "model": "auth.permission",
    "pk": 10,
    "fields": {
      "name": "Can change group",
      "content_type": 2,
      "codename": "change_group"
    }
  },
  {
    "model": "auth.permission",
    "pk": 11,
    "fields": {
      "name": "Can delete group",
      "content_type": 2,
      "codename": "delete_group"
    }
  },
  {
    "model": "auth.permission",
    "pk": 12,
    "fields": {
      "name": "Can view group",
      "content_type": 2,
      "codename": "view_group"
    }
  },
  {
    "model": "auth.permission",
    "pk": 13,
    "fields": {
      "name": "Can add user",
      "content_type": 4,
      "codename": "add_user"
    }
  },
  {
    "model": "auth.permission",
    "pk": 14,
    "fields": {
      "name": "Can change user",
      "content_type": 4,
      "codename": "change_user"
    }
  },
  {
    "model": "auth.permission",
    "pk": 15,
    "fields": {
      "name": "Can delete user",
      "content_type": 4,
      "codename": "delete_user"
    }
  },
  {
    "model": "auth.permission",
    "pk": 16,
    "fields": {
      "name": "Can view user",
      "content_type": 4,
      "codename": "view_user"
    }
  },
  {
    "model": "auth.permission",
    "pk": 17,
    "fields": {
      "name": "Can add content type",
      "content_type": 5,
      "codename": "add_contenttype"
    }
  },
  {
    "model": "auth.permission",
    "pk": 18,
    "fields": {
      "name": "Can change content type",
      "content_type": 5,
      "codename": "change_contenttype"
    }
  },
  {
    "model": "auth.permission",
    "pk": 19,
    "fields": {
      "name": "Can delete content type",
      "content_type": 5,
      "codename": "delete_contenttype"
    }
  },
  {
    "model": "auth.permission",
    "pk": 20,
    "fields": {
      "name": "Can view content type",
      "content_type": 5,
      "codename": "view_contenttype"
    }
  },
  {
    "model": "auth.permission",
    "pk": 21,
    "fields": {
      "name": "Can add session",
      "content_type": 6,
      "codename": "add_session"
    }
  },
  {
    "model": "auth.permission",
    "pk": 22,
    "fields": {
      "name": "Can change session",
      "content_type": 6,
      "codename": "change_session"
    }
  },
  {
    "model": "auth.permission",
    "pk": 23,
    "fields": {
      "name": "Can delete session",
      "content_type": 6,
      "codename": "delete_session"
    }
  },
  {
    "model": "auth.permission",
    "pk": 24,
    "fields": {
      "name": "Can view session",
      "content_type": 6,
      "codename": "view_session"
    }
  },
  {
    "model": "auth.permission",
    "pk": 25,
    "fields": {
      "name": "Can add recipe",
      "content_type": 10,
      "codename": "add_recipe"
    }
  },
  {
    "model": "auth.permission",
    "pk": 26,
    "fields": {
      "name": "Can change recipe",
      "content_type": 10,
      "codename": "change_recipe"
    }
  },
  {
    "model": "auth.permission",
    "pk": 27,
    "fields": {
      "name": "Can delete recipe",
      "content_type": 10,
      "codename": "delete_recipe"
    }
  },
  {
    "model": "auth.permission",
    "pk": 28,
    "fields": {
      "name": "Can view recipe",
      "content_type": 10,
      "codename": "view_recipe"
    }
  },
  {
    "model": "auth.permission",
    "pk": 29,
    "fields": {
      "name": "Can add ingredient",
      "content_type": 7,
      "codename": "add_ingredient"
    }
  },
  {
    "model": "auth.permission",
    "pk": 30,
    "fields": {
      "name": "Can change ingredient",
      "content_type": 7,
      "codename": "change_ingredient"
    }
  },
  {
    "model": "auth.permission",
    "pk": 31,
    "fields": {
      "name": "Can delete ingredient",
      "content_type": 7,
      "codename": "delete_ingredient"
    }
  },
  {
    "model": "auth.permission",
    "pk": 32,
    "fields": {
      "name": "Can view ingredient",
      "content_type": 7,
      "codename": "view_ingredient"
    }
  },
  {
    "model": "auth.permission",
    "pk": 33,
    "fields": {
      "name": "Can add ingredient in recipe",
      "content_type": 8,
      "codename": "add_ingredientinrecipe"
    }
  },
  {
    "model": "auth.permission",
    "pk": 34,
    "fields": {
      "name": "Can change ingredient in recipe",
      "content_type": 8,
      "codename": "change_ingredientinrecipe"
    }
  },
  {
    "model": "auth.permission",
    "pk": 35,
    "fields": {
      "name": "Can delete ingredient in recipe",
      "content_type": 8,
      "codename": "delete_ingredientinrecipe"
    }
  },
  {
    "model": "auth.permission",
    "pk": 36,
    "fields": {
      "name": "Can view ingredient in recipe",
      "content_type": 8,
      "codename": "view_ingredientinrecipe"
    }
  },
  {
    "model": "auth.permission",
    "pk": 37,
    "fields": {
      "name": "Can add instruction",
      "content_type": 9,
      "codename": "add_instruction"
    }
  },
  {
    "model": "auth.permission",
    "pk": 38,
    "fields": {
      "name": "Can change instruction",
      "content_type": 9,
      "codename": "change_instruction"
    }
  },
  {
    "model": "auth.permission",
    "pk": 39,
    "fields": {
      "name": "Can delete instruction",
      "content_type": 9,
      "codename": "delete_instruction"
    }
  },
  {
    "model": "auth.permission",
    "pk": 40,
    "fields": {
      "name": "Can view instruction",
      "content_type": 9,
      "codename": "view_instruction"
    }
  },
  {
    "model": "auth.permission",
    "pk": 41,
    "fields": {
      "name": "Can add location",
      "content_type": 11,
      "codename": "add_location"
    }
  },
  {
    "model": "auth.permission",
    "pk": 42,
    "fields": {
      "name": "Can change location",
      "content_type": 11,
      "codename": "change_location"
    }
  },
  {
    "model": "auth.permission",
    "pk": 43,
    "fields": {
      "name": "Can delete location",
      "content_type": 11,
      "codename": "delete_location"
    }
  },
  {
    "model": "auth.permission",
    "pk": 44,
    "fields": {
      "name": "Can view location",
      "content_type": 11,
      "codename": "view_location"
    }
  },
  {
    "model": "auth.permission",
    "pk": 45,
    "fields": {
      "name": "Can add utensil",
      "content_type": 13,
      "codename": "add_utensil"
    }
  },
  {
    "model": "auth.permission",
    "pk": 46,
    "fields": {
      "name": "Can change utensil",
      "content_type": 13,
      "codename": "change_utensil"
    }
  },
  {
    "model": "auth.permission",
    "pk": 47,
    "fields": {
      "name": "Can delete utensil",
      "content_type": 13,
      "codename": "delete_utensil"
    }
  },
  {
    "model": "auth.permission",
    "pk": 48,
    "fields": {
      "name": "Can view utensil",
      "content_type": 13,
      "codename": "view_utensil"
    }
  },
  {
    "model": "auth.permission",
    "pk": 49,
    "fields": {
      "name": "Can add recipe utensil",
      "content_type": 12,
      "codename": "add_recipeutensil"
    }
  },
  {
    "model": "auth.permission",
    "pk": 50,
    "fields": {
      "name": "Can change recipe utensil",
      "content_type": 12,
      "codename": "change_recipeutensil"
    }
  },
  {
    "model": "auth.permission",
    "pk": 51,
    "fields": {
      "name": "Can delete recipe utensil",
      "content_type": 12,
      "codename": "delete_recipeutensil"
    }
  },
  {
    "model": "auth.permission",
    "pk": 52,
    "fields": {
      "name": "Can view recipe utensil",
      "content_type": 12,
      "codename": "view_recipeutensil"
    }
  },
  {
    "model": "auth.permission",
    "pk": 53,
    "fields": {
      "name": "Can add step",
      "content_type": 14,
      "codename": "add_step"
    }
  },
  {
    "model": "auth.permission",
    "pk": 54,
    "fields": {
      "name": "Can change step",
      "content_type": 14,
      "codename": "change_step"
    }
  },
  {
    "model": "auth.permission",
    "pk": 55,
    "fields": {
      "name": "Can delete step",
      "content_type": 14,
      "codename": "delete_step"
    }
  },
  {
    "model": "auth.permission",
    "pk": 56,
    "fields": {
      "name": "Can view step",
      "content_type": 14,
      "codename": "view_step"
    }
  },
  {
    "model": "auth.permission",
    "pk": 57,
    "fields": {
      "name": "Can add step ingredient",
      "content_type": 15,
      "codename": "add_stepingredient"
    }
  },
  {
    "model": "auth.permission",
    "pk": 58,
    "fields": {
      "name": "Can change step ingredient",
      "content_type": 15,
      "codename": "change_stepingredient"
    }
  },
  {
    "model": "auth.permission",
    "pk": 59,
    "fields": {
      "name": "Can delete step ingredient",
      "content_type": 15,
      "codename": "delete_stepingredient"
    }
  },
  {
    "model": "auth.permission",
    "pk": 60,
    "fields": {
      "name": "Can view step ingredient",
      "content_type": 15,
      "codename": "view_stepingredient"
    }
  },
  {
    "model": "auth.permission",
    "pk": 61,
    "fields": {
      "name": "Can add step instruction",
      "content_type": 16,
      "codename": "add_stepinstruction"
    }
  },
  {
    "model": "auth.permission",
    "pk": 62,
    "fields": {
      "name": "Can change step instruction",
      "content_type": 16,
      "codename": "change_stepinstruction"
    }
  },
  {
    "model": "auth.permission",
    "pk": 63,
    "fields": {
      "name": "Can delete step instruction",
      "content_type": 16,
      "codename": "delete_stepinstruction"
    }
  },
  {
    "model": "auth.permission",
    "pk": 64,
    "fields": {
      "name": "Can view step instruction",
      "content_type": 16,
      "codename": "view_stepinstruction"
    }
  },
  {
    "model": "auth.user",
    "pk": 1,
    "fields": {
      "password": "pbkdf2_sha256$1200000$02Gc2gpkl9NNkr42lcm1ZE$DXyu5SDMnSJoyEja6ay/scgec1ycsdb5tCE5YfuJOaw=",
      "last_login": "2025-12-23T22:36:22.959Z",
      "is_superuser": true,
      "username": "admin",
      "first_name": "",
      "last_name": "",
      "email": "admin@kathistutz.de",
      "is_staff": true,
      "is_active": true,
      "date_joined": "2025-12-23T22:35:16.231Z",
      "groups": [],
      "user_permissions": []
    }
  },
  {
    "model": "contenttypes.contenttype",
    "pk": 1,
    "fields": {
      "app_label": "admin",
      "model": "logentry"
    }
  },
  {
    "model": "contenttypes.contenttype",
    "pk": 2,
    "fields": {
      "app_label": "auth",
      "model": "group"
    }
  },
  {
    "model": "contenttypes.contenttype",
    "pk": 3,
    "fields": {
      "app_label": "auth",
      "model": "permission"
    }
  },
  {
    "model": "contenttypes.contenttype",
    "pk": 4,
    "fields": {
      "app_label": "auth",
      "model": "user"
    }
  },
  {
    "model": "contenttypes.contenttype",
    "pk": 5,
    "fields": {
      "app_label": "contenttypes",
      "model": "contenttype"
    }
  },
  {
    "model": "contenttypes.contenttype",
    "pk": 6,
    "fields": {
      "app_label": "sessions",
      "model": "session"
    }
  },
  {
    "model": "contenttypes.contenttype",
    "pk": 7,
    "fields": {
      "app_label": "recipes",
      "model": "ingredient"
    }
  },
  {
    "model": "contenttypes.contenttype",
    "pk": 8,
    "fields": {
      "app_label": "recipes",
      "model": "ingredientinrecipe"
    }
  },
  {
    "model": "contenttypes.contenttype",
    "pk": 9,
    "fields": {
      "app_label": "recipes",
      "model": "instruction"
    }
  },
  {
    "model": "contenttypes.contenttype",
    "pk": 10,
    "fields": {
      "app_label": "recipes",
      "model": "recipe"
    }
  },
  {
    "model": "contenttypes.contenttype",
    "pk": 11,
    "fields": {
      "app_label": "recipes",
      "model": "location"
    }
  },
  {
    "model": "contenttypes.contenttype",
    "pk": 12,
    "fields": {
      "app_label": "recipes",
      "model": "recipeutensil"
    }
  },
  {
    "model": "contenttypes.contenttype",
    "pk": 13,
    "fields": {
      "app_label": "recipes",
      "model": "utensil"
    }
  },
  {
    "model": "contenttypes.contenttype",
    "pk": 14,
    "fields": {
      "app_label": "recipes",
      "model": "step"
    }
  },
  {
    "model": "contenttypes.contenttype",
    "pk": 15,
    "fields": {
      "app_label": "recipes",
      "model": "stepingredient"
    }
  },
  {
    "model": "contenttypes.contenttype",
    "pk": 16,
    "fields": {
      "app_label": "recipes",
      "model": "stepinstruction"
    }
  },
  {
    "model": "sessions.session",
    "pk": "eyptr71buewawhjwr17hx8d1tiuqzef3",
    "fields": {
      "session_data": ".eJxVjDsOwjAQBe_iGlmO4y8lPWewdtdeHECOFCcV4u4QKQW0b2beSyTY1pq2XpY0ZXEWgzj9bgj0KG0H-Q7tNkua27pMKHdFHrTL65zL83K4fwcVev3WYDBzGJXViKDIReTA7K2FyDiiV4q8Cd4M7CCSVp6dRSSlqZD1msX7AwCYOI8:1vYAzO:VSJOqlkq9XdRy8_x-GjeFTcCswRE6BZF3ptRp-IewEg",
      "expire_date": "2026-01-06T22:36:22.963Z"
    }
  }
]